{
    "table_name": "constructors_championship",
    "table_description": "Contains data for the constructor's championship from 1958 to 2020, capturing championship standings from when it was introduced.",
    "table_columns": [
      {
          "name": "index",
          "type": "int",
          "description": "Index of the row."
      },
      {
          "name": "year",
          "type": "int",
          "description": "Year of the championship."
      },
      {
          "name": "position",
          "type": "varchar",
          "description": "Final standing position of the team in the championship."
      },
      {
          "name": "team",
          "type": "varchar",
          "description": "Name of the Formula 1 team."
      },
      {
          "name": "points",
          "type": "int",
          "description": "Total points accumulated by the team during the championship year."
      }
  ]
}
