{
    "table_name": "drivers_championship",
    "table_description": "Contains data for driver's championship standings from 1950-2020, detailing driver positions, teams, and points.",
    "table_columns": [
        {
            "name": "index",
            "type": "int",
            "description": "Index number of the record."
        },
        {
            "name": "year",
            "type": "int",
            "description": "The year of the championship."
        },
        {
            "name": "position",
            "type": "varchar",
            "description": "Final position of the driver in the championship."
        },
        {
            "name": "name",
            "type": "varchar",
            "description": "Full name of the driver."
        },
        {
            "name": "driver_tag",
            "type": "varchar",
            "description": "Abbreviated tag of the driver."
        },
        {
            "name": "nationality",
            "type": "varchar",
            "description": "Nationality of the driver."
        },
        {
            "name": "team",
            "type": "varchar",
            "description": "Racing team of the driver."
        },
        {
            "name": "points",
            "type": "float",
            "description": "Total points accumulated by the driver that season."
        }
    ]
}
