{
    "table_name": "race_results",
    "table_description": "Holds comprehensive race data for each Formula 1 race from 1950-2020, including positions, drivers, teams, and points.",
    "table_columns": [
        {
            "name": "index",
            "type": "integer",
            "description": "Unique index for each entry."
        },
        {
            "name": "year",
            "type": "integer",
            "description": "The year of the race."
        },
        {
            "name": "position",
            "type": "varchar",
            "description": "The finishing position of the driver."
        },
        {
            "name": "driver_no",
            "type": "integer",
            "description": "Driver number."
        },
        {
            "name": "venue",
            "type": "varchar",
            "description": "Location of the race."
        },
        {
            "name": "name",
            "type": "varchar",
            "description": "Name of the driver."
        },
        {
            "name": "name_tag",
            "type": "varchar",
            "description": "Abbreviated tag of the driver's name."
        },
        {
            "name": "team",
            "type": "varchar",
            "description": "The racing team of the driver."
        },
        {
            "name": "laps",
            "type": "float",
            "description": "Number of laps completed."
        },
        {
            "name": "time",
            "type": "varchar",
            "description": "Finishing time or gap to the leader."
        },
        {
            "name": "points",
            "type": "float",
            "description": "Points earned in the race."
        }
    ]
}
