{
    "table_name": "race_wins",
    "table_description": "Documents race win data from 1950-2020, detailing venue, winner, team, and race duration.",
    "table_columns": [
      {
          "name": "index",
          "type": "integer",
          "description": "Unique index for each entry."
      },
      {
          "name": "venue",
          "type": "varchar",
          "description": "Venue where the race was held."
      },
      {
          "name": "date",
          "type": "date",
          "description": "Date of the race."
      },
      {
          "name": "name",
          "type": "varchar",
          "description": "Name of the winning driver."
      },
      {
          "name": "name_tag",
          "type": "varchar",
          "description": "Tag associated with the driver's name."
      },
      {
          "name": "team",
          "type": "varchar",
          "description": "Team of the winning driver."
      },
      {
          "name": "laps",
          "type": "integer",
          "description": "Number of laps completed in the race."
      },
      {
          "name": "time",
          "type": "time",
          "description": "Winning time of the race."
      }
  ]
}
